timeStamp,elapsed,label,responseCode,responseMessage,threadName,dataType,success,failureMessage,bytes,sentBytes,grpThreads,allThreads,URL,Latency,IdleTime,Connect
1746380299837,415,GET characters,200,OK,thread_100_1_1 1-51,text,true,,10642,158,100,100,http://localhost:3001/characters,385,0,299
1746380299821,431,GET characters,200,OK,thread_100_1_1 1-2,text,true,,10642,158,100,100,http://localhost:3001/characters,401,0,312
1746380299834,418,GET characters,200,OK,thread_100_1_1 1-57,text,true,,10642,158,100,100,http://localhost:3001/characters,393,0,302
1746380299836,416,GET characters,200,OK,thread_100_1_1 1-28,text,true,,10642,158,100,100,http://localhost:3001/characters,386,0,299
1746380299835,417,GET characters,200,OK,thread_100_1_1 1-8,text,true,,10642,158,100,100,http://localhost:3001/characters,387,0,301
1746380299821,431,GET characters,200,OK,thread_100_1_1 1-30,text,true,,10642,158,100,100,http://localhost:3001/characters,401,0,312
1746380299852,400,GET characters,200,OK,thread_100_1_1 1-16,text,true,,10642,158,100,100,http://localhost:3001/characters,370,0,282
1746380300058,194,GET characters,200,OK,thread_100_1_1 1-92,text,true,,10642,158,100,100,http://localhost:3001/characters,164,0,77
1746380299836,416,GET characters,200,OK,thread_100_1_1 1-55,text,true,,10642,158,100,100,http://localhost:3001/characters,386,0,298
1746380299852,400,GET characters,200,OK,thread_100_1_1 1-61,text,true,,10642,158,100,100,http://localhost:3001/characters,374,0,283
1746380299835,417,GET characters,200,OK,thread_100_1_1 1-40,text,true,,10642,158,100,100,http://localhost:3001/characters,394,0,301
1746380299835,417,GET characters,200,OK,thread_100_1_1 1-32,text,true,,10642,158,100,100,http://localhost:3001/characters,401,0,301
1746380299837,415,GET characters,200,OK,thread_100_1_1 1-33,text,true,,10642,158,100,100,http://localhost:3001/characters,390,0,299
1746380299835,423,GET characters,200,OK,thread_100_1_1 1-52,text,true,,10642,158,100,100,http://localhost:3001/characters,422,0,302
1746380299821,439,GET characters,200,OK,thread_100_1_1 1-22,text,true,,10642,158,100,100,http://localhost:3001/characters,438,0,315
1746380299834,426,GET characters,200,OK,thread_100_1_1 1-42,text,true,,10642,158,100,100,http://localhost:3001/characters,425,0,303
1746380299835,417,GET characters,200,OK,thread_100_1_1 1-11,text,true,,10642,158,100,100,http://localhost:3001/characters,388,0,300
1746380299837,415,GET characters,200,OK,thread_100_1_1 1-66,text,true,,10642,158,100,100,http://localhost:3001/characters,385,0,297
1746380299947,307,GET characters,200,OK,thread_100_1_1 1-81,text,true,,10642,158,100,100,http://localhost:3001/characters,307,0,190
1746380299835,417,GET characters,200,OK,thread_100_1_1 1-65,text,true,,10642,158,100,100,http://localhost:3001/characters,405,0,302
1746380299898,354,GET characters,200,OK,thread_100_1_1 1-76,text,true,,10642,158,100,100,http://localhost:3001/characters,340,0,239
1746380299835,417,GET characters,200,OK,thread_100_1_1 1-6,text,true,,10642,158,100,100,http://localhost:3001/characters,415,0,302
1746380299836,416,GET characters,200,OK,thread_100_1_1 1-64,text,true,,10642,158,100,100,http://localhost:3001/characters,386,0,299
1746380300119,133,GET characters,200,OK,thread_100_1_1 1-98,text,true,,10642,158,100,100,http://localhost:3001/characters,103,0,15
1746380300038,214,GET characters,200,OK,thread_100_1_1 1-90,text,true,,10642,158,100,100,http://localhost:3001/characters,203,0,98
1746380299835,432,GET characters,200,OK,thread_100_1_1 1-4,text,true,,10642,158,100,100,http://localhost:3001/characters,432,0,302
1746380299837,446,GET characters,200,OK,thread_100_1_1 1-43,text,true,,10642,158,100,100,http://localhost:3001/characters,445,0,300
1746380300018,270,GET characters,200,OK,thread_100_1_1 1-88,text,true,,10642,158,100,100,http://localhost:3001/characters,270,0,120
1746380299846,442,GET characters,200,OK,thread_100_1_1 1-71,text,true,,10642,158,100,100,http://localhost:3001/characters,441,0,292
1746380299835,453,GET characters,200,OK,thread_100_1_1 1-29,text,true,,10642,158,100,100,http://localhost:3001/characters,453,0,302
1746380299834,456,GET characters,200,OK,thread_100_1_1 1-13,text,true,,10642,158,100,100,http://localhost:3001/characters,456,0,303
1746380299836,454,GET characters,200,OK,thread_100_1_1 1-45,text,true,,10642,158,100,100,http://localhost:3001/characters,454,0,302
1746380300264,27,GET character id,200,OK,thread_100_1_1 1-32,text,true,,273,159,100,100,http://localhost:3001/character/2,27,0,0
1746380300264,29,GET character id,200,OK,thread_100_1_1 1-2,text,true,,273,159,100,100,http://localhost:3001/character/2,29,0,0
1746380300266,30,GET character id,200,OK,thread_100_1_1 1-28,text,true,,273,159,100,100,http://localhost:3001/character/2,30,0,0
1746380300264,33,GET character id,200,OK,thread_100_1_1 1-11,text,true,,273,159,100,100,http://localhost:3001/character/2,33,0,0
1746380300272,27,GET character id,200,OK,thread_100_1_1 1-8,text,true,,273,159,100,100,http://localhost:3001/character/2,27,0,0
1746380300272,28,GET character id,200,OK,thread_100_1_1 1-42,text,true,,273,159,100,100,http://localhost:3001/character/2,28,0,0
1746380300274,27,GET character id,200,OK,thread_100_1_1 1-40,text,true,,273,159,100,100,http://localhost:3001/character/2,27,0,0
1746380299836,468,GET characters,200,OK,thread_100_1_1 1-5,text,true,,10642,158,100,100,http://localhost:3001/characters,468,0,302
1746380300273,32,GET character id,200,OK,thread_100_1_1 1-57,text,true,,273,159,100,100,http://localhost:3001/character/2,32,0,0
1746380300264,41,GET character id,200,OK,thread_100_1_1 1-65,text,true,,273,159,100,100,http://localhost:3001/character/2,41,0,0
1746380300272,36,GET character id,200,OK,thread_100_1_1 1-76,text,true,,273,159,100,100,http://localhost:3001/character/2,36,0,0
1746380300275,34,GET character id,200,OK,thread_100_1_1 1-66,text,true,,273,159,100,100,http://localhost:3001/character/2,34,0,0
1746380300270,39,GET character id,200,OK,thread_100_1_1 1-16,text,true,,273,159,100,100,http://localhost:3001/character/2,39,0,0
1746380300273,37,GET character id,200,OK,thread_100_1_1 1-51,text,true,,273,159,100,100,http://localhost:3001/character/2,36,0,0
1746380300272,37,GET character id,200,OK,thread_100_1_1 1-6,text,true,,273,159,100,100,http://localhost:3001/character/2,37,0,0
1746380300274,36,GET character id,200,OK,thread_100_1_1 1-22,text,true,,273,159,100,100,http://localhost:3001/character/2,36,0,0
1746380300264,47,GET character id,200,OK,thread_100_1_1 1-90,text,true,,273,159,100,100,http://localhost:3001/character/2,47,0,0
1746380300270,43,GET character id,200,OK,thread_100_1_1 1-92,text,true,,273,159,100,100,http://localhost:3001/character/2,43,0,0
1746380300269,45,GET character id,200,OK,thread_100_1_1 1-4,text,true,,273,159,100,100,http://localhost:3001/character/2,45,0,0
1746380300269,45,GET character id,200,OK,thread_100_1_1 1-98,text,true,,273,159,100,100,http://localhost:3001/character/2,45,0,0
1746380300269,46,GET character id,200,OK,thread_100_1_1 1-30,text,true,,273,159,100,100,http://localhost:3001/character/2,46,0,0
1746380300269,46,GET character id,200,OK,thread_100_1_1 1-52,text,true,,273,159,100,100,http://localhost:3001/character/2,46,0,0
1746380300268,49,GET character id,200,OK,thread_100_1_1 1-64,text,true,,273,159,100,100,http://localhost:3001/character/2,49,0,0
1746380300265,53,GET character id,200,OK,thread_100_1_1 1-81,text,true,,273,159,100,100,http://localhost:3001/character/2,53,0,0
1746380300264,55,GET character id,200,OK,thread_100_1_1 1-33,text,true,,273,159,100,100,http://localhost:3001/character/2,55,0,0
1746380300274,47,GET character id,200,OK,thread_100_1_1 1-55,text,true,,273,159,100,100,http://localhost:3001/character/2,47,0,0
1746380300269,55,GET character id,200,OK,thread_100_1_1 1-61,text,true,,273,159,100,100,http://localhost:3001/character/2,54,0,0
1746380300284,41,GET character id,200,OK,thread_100_1_1 1-43,text,true,,273,159,100,100,http://localhost:3001/character/2,41,0,0
1746380300289,37,GET character id,200,OK,thread_100_1_1 1-71,text,true,,273,159,100,100,http://localhost:3001/character/2,37,0,0
1746380300290,37,GET character id,200,OK,thread_100_1_1 1-29,text,true,,273,159,100,100,http://localhost:3001/character/2,37,0,0
1746380300290,38,GET character id,200,OK,thread_100_1_1 1-88,text,true,,273,159,100,100,http://localhost:3001/character/2,37,0,0
1746380300291,37,GET character id,200,OK,thread_100_1_1 1-45,text,true,,273,159,100,100,http://localhost:3001/character/2,37,0,0
1746380300291,38,GET character id,200,OK,thread_100_1_1 1-13,text,true,,273,159,100,100,http://localhost:3001/character/2,38,0,0
1746380299835,495,GET characters,200,OK,thread_100_1_1 1-20,text,true,,10642,158,100,100,http://localhost:3001/characters,495,0,303
1746380300305,60,GET character id,200,OK,thread_100_1_1 1-5,text,true,,273,159,100,100,http://localhost:3001/character/2,60,0,0
1746380299834,533,GET characters,200,OK,thread_100_1_1 1-47,text,true,,11622,158,100,100,http://localhost:3001/characters,533,0,304
1746380300332,41,GET character id,200,OK,thread_100_1_1 1-20,text,true,,273,159,100,100,http://localhost:3001/character/2,41,0,0
1746380299834,540,GET characters,200,OK,thread_100_1_1 1-63,text,true,,11762,158,100,100,http://localhost:3001/characters,540,0,305
1746380300368,10,GET character id,200,OK,thread_100_1_1 1-47,text,true,,273,159,100,100,http://localhost:3001/character/2,10,0,0
1746380299852,528,GET characters,200,OK,thread_100_1_1 1-34,text,true,,11797,158,100,100,http://localhost:3001/characters,528,0,287
1746380300375,8,GET character id,200,OK,thread_100_1_1 1-63,text,true,,273,159,100,100,http://localhost:3001/character/2,8,0,0
1746380299834,551,GET characters,200,OK,thread_100_1_1 1-14,text,true,,11832,158,100,100,http://localhost:3001/characters,551,0,305
1746380300381,6,GET character id,200,OK,thread_100_1_1 1-34,text,true,,273,159,100,100,http://localhost:3001/character/2,6,0,0
1746380299834,555,GET characters,200,OK,thread_100_1_1 1-39,text,true,,11867,158,100,100,http://localhost:3001/characters,554,0,305
1746380300386,6,GET character id,200,OK,thread_100_1_1 1-14,text,true,,273,159,100,100,http://localhost:3001/character/2,5,0,0
1746380299852,540,GET characters,200,OK,thread_100_1_1 1-60,text,true,,11902,158,100,100,http://localhost:3001/characters,540,0,287
1746380299852,541,GET characters,200,OK,thread_100_1_1 1-38,text,true,,11902,158,100,100,http://localhost:3001/characters,541,0,287
1746380300389,5,GET character id,200,OK,thread_100_1_1 1-39,text,true,,273,159,100,100,http://localhost:3001/character/2,5,0,0
1746380299834,562,GET characters,200,OK,thread_100_1_1 1-37,text,true,,11937,158,100,100,http://localhost:3001/characters,562,0,305
1746380300393,4,GET character id,200,OK,thread_100_1_1 1-60,text,true,,273,159,100,100,http://localhost:3001/character/2,4,0,0
1746380299878,524,GET characters,200,OK,thread_100_1_1 1-74,text,true,,11972,158,100,100,http://localhost:3001/characters,524,0,261
1746380300394,9,GET character id,200,OK,thread_100_1_1 1-38,text,true,,273,159,100,100,http://localhost:3001/character/2,9,0,0
1746380300397,10,GET character id,200,OK,thread_100_1_1 1-37,text,true,,273,159,100,100,http://localhost:3001/character/2,10,0,0
1746380299966,442,GET characters,200,OK,thread_100_1_1 1-83,text,true,,12042,158,100,100,http://localhost:3001/characters,442,0,174
1746380300403,8,GET character id,200,OK,thread_100_1_1 1-74,text,true,,273,159,100,100,http://localhost:3001/character/2,7,0,0
1746380300066,346,GET characters,200,OK,thread_100_1_1 1-93,text,true,,12077,158,100,100,http://localhost:3001/characters,346,0,74
1746380299837,577,GET characters,200,OK,thread_100_1_1 1-24,text,true,,12112,158,100,100,http://localhost:3001/characters,576,0,303
1746380300409,7,GET character id,200,OK,thread_100_1_1 1-83,text,true,,273,159,100,100,http://localhost:3001/character/2,7,0,0
1746380299837,579,GET characters,200,OK,thread_100_1_1 1-3,text,true,,12112,158,100,100,http://localhost:3001/characters,579,0,303
1746380300413,8,GET character id,200,OK,thread_100_1_1 1-93,text,true,,273,159,100,100,http://localhost:3001/character/2,7,0,0
1746380299857,565,GET characters,200,OK,thread_100_1_1 1-72,text,true,,12147,158,100,100,http://localhost:3001/characters,565,0,284
1746380300415,8,GET character id,200,OK,thread_100_1_1 1-24,text,true,,273,159,100,100,http://localhost:3001/character/2,8,0,0
1746380300417,7,GET character id,200,OK,thread_100_1_1 1-3,text,true,,273,159,100,100,http://localhost:3001/character/2,7,0,0
1746380299852,574,GET characters,200,OK,thread_100_1_1 1-48,text,true,,12182,158,100,100,http://localhost:3001/characters,574,0,289
1746380300423,4,GET character id,200,OK,thread_100_1_1 1-72,text,true,,273,159,100,100,http://localhost:3001/character/2,4,0,0
1746380299852,578,GET characters,200,OK,thread_100_1_1 1-1,text,true,,12217,158,100,100,http://localhost:3001/characters,578,0,290
1746380299821,613,GET characters,200,OK,thread_100_1_1 1-27,text,true,,12287,158,100,100,http://localhost:3001/characters,612,0,322
1746380300427,7,GET character id,200,OK,thread_100_1_1 1-48,text,true,,273,159,100,100,http://localhost:3001/character/2,7,0,0
1746380300430,7,GET character id,200,OK,thread_100_1_1 1-1,text,true,,273,159,100,100,http://localhost:3001/character/2,7,0,0
1746380299821,618,GET characters,200,OK,thread_100_1_1 1-50,text,true,,12322,158,100,100,http://localhost:3001/characters,618,0,322
1746380300435,6,GET character id,200,OK,thread_100_1_1 1-27,text,true,,273,159,100,100,http://localhost:3001/character/2,6,0,0
1746380299836,607,GET characters,200,OK,thread_100_1_1 1-59,text,true,,12357,158,100,100,http://localhost:3001/characters,607,0,305
1746380300440,5,GET character id,200,OK,thread_100_1_1 1-50,text,true,,273,159,100,100,http://localhost:3001/character/2,5,0,0
1746380299821,626,GET characters,200,OK,thread_100_1_1 1-49,text,true,,12392,158,100,100,http://localhost:3001/characters,626,0,321
1746380299996,454,GET characters,200,OK,thread_100_1_1 1-86,text,true,,12427,158,100,100,http://localhost:3001/characters,454,0,147
1746380300444,6,GET character id,200,OK,thread_100_1_1 1-59,text,true,,273,159,100,100,http://localhost:3001/character/2,6,0,0
1746380299834,618,GET characters,200,OK,thread_100_1_1 1-62,text,true,,12427,158,100,100,http://localhost:3001/characters,617,0,307
1746380300448,6,GET character id,200,OK,thread_100_1_1 1-49,text,true,,273,159,100,100,http://localhost:3001/character/2,6,0,0
1746380299839,619,GET characters,200,OK,thread_100_1_1 1-70,text,true,,12462,158,100,100,http://localhost:3001/characters,619,0,302
1746380300451,9,GET character id,200,OK,thread_100_1_1 1-86,text,true,,273,159,100,100,http://localhost:3001/character/2,9,0,0
1746380300454,9,GET character id,200,OK,thread_100_1_1 1-62,text,true,,273,159,100,100,http://localhost:3001/character/2,9,0,0
1746380300082,384,GET characters,200,OK,thread_100_1_1 1-94,text,true,,12497,158,100,100,http://localhost:3001/characters,384,0,61
1746380300459,14,GET character id,200,OK,thread_100_1_1 1-70,text,true,,273,159,100,100,http://localhost:3001/character/2,14,0,0
1746380299835,641,GET characters,200,OK,thread_100_1_1 1-12,text,true,,12567,158,100,100,http://localhost:3001/characters,641,0,306
1746380300467,12,GET character id,200,OK,thread_100_1_1 1-94,text,true,,273,159,100,100,http://localhost:3001/character/2,12,0,0
1746380299977,507,GET characters,200,OK,thread_100_1_1 1-84,text,true,,12602,158,100,100,http://localhost:3001/characters,506,0,166
1746380300477,12,GET character id,200,OK,thread_100_1_1 1-12,text,true,,273,159,100,100,http://localhost:3001/character/2,12,0,0
1746380299821,669,GET characters,200,OK,thread_100_1_1 1-35,text,true,,12637,158,100,100,http://localhost:3001/characters,669,0,323
1746380300485,12,GET character id,200,OK,thread_100_1_1 1-84,text,true,,273,159,100,100,http://localhost:3001/character/2,11,0,0
1746380300107,390,GET characters,200,OK,thread_100_1_1 1-97,text,true,,12672,158,100,100,http://localhost:3001/characters,390,0,35
1746380299821,678,GET characters,200,OK,thread_100_1_1 1-36,text,true,,12672,158,100,100,http://localhost:3001/characters,678,0,322
1746380300491,12,GET character id,200,OK,thread_100_1_1 1-35,text,true,,273,159,100,100,http://localhost:3001/character/2,12,0,0
1746380299956,550,GET characters,200,OK,thread_100_1_1 1-82,text,true,,12707,158,100,100,http://localhost:3001/characters,550,0,188
1746380300498,12,GET character id,200,OK,thread_100_1_1 1-97,text,true,,273,159,100,100,http://localhost:3001/character/2,12,0,0
1746380300500,11,GET character id,200,OK,thread_100_1_1 1-36,text,true,,273,159,100,100,http://localhost:3001/character/2,10,0,0
1746380300029,484,GET characters,200,OK,thread_100_1_1 1-89,text,true,,12742,158,100,100,http://localhost:3001/characters,483,0,115
1746380300311,23,POST character ,201,Created,thread_100_1_1 1-6,text,true,,274,217,100,100,http://localhost:3001/character,23,0,0
1746380300425,7,POST character ,201,Created,thread_100_1_1 1-3,text,true,,274,217,100,100,http://localhost:3001/character,7,0,0
1746380300326,30,POST character ,201,Created,thread_100_1_1 1-43,text,true,,274,217,100,100,http://localhost:3001/character,30,0,0
1746380300318,31,POST character ,201,Created,thread_100_1_1 1-64,text,true,,274,217,100,100,http://localhost:3001/character,31,0,0
1746380300293,69,POST character ,201,Created,thread_100_1_1 1-32,text,true,,274,217,100,100,http://localhost:3001/character,69,0,0
1746380300314,29,POST character ,201,Created,thread_100_1_1 1-92,text,true,,274,217,100,100,http://localhost:3001/character,29,0,0
1746380300404,6,POST character ,201,Created,thread_100_1_1 1-38,text,true,,274,217,100,100,http://localhost:3001/character,6,0,0
1746380300366,10,POST character ,201,Created,thread_100_1_1 1-5,text,true,,274,217,100,100,http://localhost:3001/character,10,0,0
1746380300498,11,POST character ,201,Created,thread_100_1_1 1-84,text,true,,274,217,100,100,http://localhost:3001/character,11,0,0
1746380300311,24,POST character ,201,Created,thread_100_1_1 1-16,text,true,,274,217,100,100,http://localhost:3001/character,24,0,0
1746380300312,30,POST character ,201,Created,thread_100_1_1 1-90,text,true,,274,217,100,100,http://localhost:3001/character,30,0,0
1746380300306,25,POST character ,201,Created,thread_100_1_1 1-57,text,true,,274,217,100,100,http://localhost:3001/character,25,0,0
1746380300327,30,POST character ,201,Created,thread_100_1_1 1-71,text,true,,274,217,100,100,http://localhost:3001/character,29,0,0
1746380300294,66,POST character ,201,Created,thread_100_1_1 1-2,text,true,,274,217,100,100,http://localhost:3001/character,66,0,0
1746380300385,4,POST character ,201,Created,thread_100_1_1 1-63,text,true,,274,217,100,100,http://localhost:3001/character,4,0,0
1746380300412,7,POST character ,201,Created,thread_100_1_1 1-74,text,true,,274,217,100,100,http://localhost:3001/character,7,0,0
1746380300398,5,POST character ,201,Created,thread_100_1_1 1-60,text,true,,274,217,100,100,http://localhost:3001/character,5,0,0
1746380300416,8,POST character ,201,Created,thread_100_1_1 1-83,text,true,,274,217,100,100,http://localhost:3001/character,8,0,0
1746380300481,12,POST character ,201,Created,thread_100_1_1 1-94,text,true,,274,217,100,100,http://localhost:3001/character,12,0,0
1746380300298,65,POST character ,201,Created,thread_100_1_1 1-11,text,true,,274,217,100,100,http://localhost:3001/character,65,0,0
1746380300508,18,GET character id,200,OK,thread_100_1_1 1-82,text,true,,273,159,100,100,http://localhost:3001/character/2,18,0,0
1746380300378,8,POST character ,201,Created,thread_100_1_1 1-47,text,true,,274,217,100,100,http://localhost:3001/character,8,0,0
1746380300428,8,POST character ,201,Created,thread_100_1_1 1-72,text,true,,274,217,100,100,http://localhost:3001/character,8,0,0
1746380300504,22,POST character ,201,Created,thread_100_1_1 1-35,text,true,,274,217,100,100,http://localhost:3001/character,22,0,0
1746380300442,6,POST character ,201,Created,thread_100_1_1 1-27,text,true,,274,217,100,100,http://localhost:3001/character,6,0,0
1746380299821,707,GET characters,200,OK,thread_100_1_1 1-23,text,true,,12777,158,100,100,http://localhost:3001/characters,707,0,323
1746380300330,42,POST character ,201,Created,thread_100_1_1 1-13,text,true,,274,217,100,100,http://localhost:3001/character,42,0,0
1746380300424,7,POST character ,201,Created,thread_100_1_1 1-24,text,true,,274,217,100,100,http://localhost:3001/character,7,0,0
1746380300421,6,POST character ,201,Created,thread_100_1_1 1-93,text,true,,274,217,100,100,http://localhost:3001/character,5,0,0
1746380300446,8,POST character ,201,Created,thread_100_1_1 1-50,text,true,,274,217,100,100,http://localhost:3001/character,8,0,0
1746380300435,5,POST character ,201,Created,thread_100_1_1 1-48,text,true,,274,217,100,100,http://localhost:3001/character,5,0,0
1746380300319,32,POST character ,201,Created,thread_100_1_1 1-81,text,true,,274,217,100,100,http://localhost:3001/character,32,0,0
1746380300325,29,POST character ,201,Created,thread_100_1_1 1-61,text,true,,274,217,100,100,http://localhost:3001/character,29,0,0
1746380300311,30,POST character ,201,Created,thread_100_1_1 1-22,text,true,,274,217,100,100,http://localhost:3001/character,30,0,0
1746380300311,26,POST character ,201,Created,thread_100_1_1 1-51,text,true,,274,217,100,100,http://localhost:3001/character,26,0,0
1746380300461,7,POST character ,201,Created,thread_100_1_1 1-86,text,true,,274,217,100,100,http://localhost:3001/character,7,0,0
1746380300455,17,POST character ,201,Created,thread_100_1_1 1-49,text,true,,274,217,100,100,http://localhost:3001/character,17,0,0
1746380300315,30,POST character ,201,Created,thread_100_1_1 1-98,text,true,,274,217,100,100,http://localhost:3001/character,30,0,0
1746380300475,11,POST character ,201,Created,thread_100_1_1 1-70,text,true,,274,217,100,100,http://localhost:3001/character,11,0,0
1746380300451,11,POST character ,201,Created,thread_100_1_1 1-59,text,true,,274,217,100,100,http://localhost:3001/character,10,0,0
1746380300310,24,POST character ,201,Created,thread_100_1_1 1-76,text,true,,274,217,100,100,http://localhost:3001/character,23,0,0
1746380300302,56,POST character ,201,Created,thread_100_1_1 1-40,text,true,,274,217,100,100,http://localhost:3001/character,56,0,0
1746380300299,62,POST character ,201,Created,thread_100_1_1 1-8,text,true,,274,217,100,100,http://localhost:3001/character,62,0,0
1746380300301,65,POST character ,201,Created,thread_100_1_1 1-42,text,true,,274,217,100,100,http://localhost:3001/character,65,0,0
1746380300320,31,POST character ,201,Created,thread_100_1_1 1-33,text,true,,274,217,100,100,http://localhost:3001/character,31,0,0
1746380300329,42,POST character ,201,Created,thread_100_1_1 1-45,text,true,,274,217,100,100,http://localhost:3001/character,42,0,0
1746380300374,7,POST character ,201,Created,thread_100_1_1 1-20,text,true,,274,217,100,100,http://localhost:3001/character,7,0,0
1746380300316,32,POST character ,201,Created,thread_100_1_1 1-52,text,true,,274,217,100,100,http://localhost:3001/character,32,0,0
1746380300393,6,POST character ,201,Created,thread_100_1_1 1-14,text,true,,274,217,100,100,http://localhost:3001/character,6,0,0
1746380300311,25,POST character ,201,Created,thread_100_1_1 1-66,text,true,,274,217,100,100,http://localhost:3001/character,25,0,0
1746380300315,32,POST character ,201,Created,thread_100_1_1 1-30,text,true,,274,217,100,100,http://localhost:3001/character,32,0,0
1746380300297,67,POST character ,201,Created,thread_100_1_1 1-28,text,true,,274,217,100,100,http://localhost:3001/character,67,0,0
1746380300388,6,POST character ,201,Created,thread_100_1_1 1-34,text,true,,274,217,100,100,http://localhost:3001/character,5,0,0
1746380300329,41,POST character ,201,Created,thread_100_1_1 1-88,text,true,,274,217,100,100,http://localhost:3001/character,41,0,0
1746380300315,31,POST character ,201,Created,thread_100_1_1 1-4,text,true,,274,217,100,100,http://localhost:3001/character,31,0,0
1746380300322,31,POST character ,201,Created,thread_100_1_1 1-55,text,true,,274,217,100,100,http://localhost:3001/character,31,0,0
1746380300438,7,POST character ,201,Created,thread_100_1_1 1-1,text,true,,274,217,100,100,http://localhost:3001/character,7,0,0
1746380300328,40,POST character ,201,Created,thread_100_1_1 1-29,text,true,,274,217,100,100,http://localhost:3001/character,40,0,0
1746380300464,13,POST character ,201,Created,thread_100_1_1 1-62,text,true,,274,217,100,100,http://localhost:3001/character,13,0,0
1746380300491,11,POST character ,201,Created,thread_100_1_1 1-12,text,true,,274,217,100,100,http://localhost:3001/character,11,0,0
1746380300407,5,POST character ,201,Created,thread_100_1_1 1-37,text,true,,274,217,100,100,http://localhost:3001/character,5,0,0
1746380300512,40,POST character ,201,Created,thread_100_1_1 1-36,text,true,,274,217,100,100,http://localhost:3001/character,40,0,0
1746380300515,38,GET character id,200,OK,thread_100_1_1 1-89,text,true,,273,159,100,100,http://localhost:3001/character/2,38,0,0
1746380300511,43,POST character ,201,Created,thread_100_1_1 1-97,text,true,,274,217,100,100,http://localhost:3001/character,43,0,0
1746380300517,38,DELETE character,200,OK,thread_100_1_1 1-84,text,true,,293,183,100,100,http://localhost:3001/character/360,38,0,0
1746380300395,11,POST character ,201,Created,thread_100_1_1 1-39,text,true,,274,217,100,100,http://localhost:3001/character,10,0,0
1746380300306,26,POST character ,201,Created,thread_100_1_1 1-65,text,true,,274,217,100,100,http://localhost:3001/character,26,0,0
1746380300516,48,DELETE character,200,OK,thread_100_1_1 1-3,text,true,,293,183,99,99,http://localhost:3001/character/347,48,0,0
1746380300517,47,DELETE character,200,OK,thread_100_1_1 1-5,text,true,,293,183,99,99,http://localhost:3001/character/333,47,0,0
1746380300521,44,DELETE character,200,OK,thread_100_1_1 1-63,text,true,,293,183,99,99,http://localhost:3001/character/336,43,0,0
1746380299888,677,GET characters,200,OK,thread_100_1_1 1-75,text,true,,12847,158,99,99,http://localhost:3001/characters,677,0,256
1746380300522,47,DELETE character,200,OK,thread_100_1_1 1-60,text,true,,293,183,96,96,http://localhost:3001/character/339,46,0,0
1746380300520,50,DELETE character,200,OK,thread_100_1_1 1-2,text,true,,293,183,96,96,http://localhost:3001/character/323,50,0,0
1746380300518,52,DELETE character,200,OK,thread_100_1_1 1-32,text,true,,293,183,96,96,http://localhost:3001/character/325,52,0,0
1746380300519,51,DELETE character,200,OK,thread_100_1_1 1-71,text,true,,293,183,96,96,http://localhost:3001/character/321,51,0,0
1746380300523,50,DELETE character,200,OK,thread_100_1_1 1-83,text,true,,293,183,92,92,http://localhost:3001/character/344,50,0,0
1746380300522,53,DELETE character,200,OK,thread_100_1_1 1-74,text,true,,293,183,92,92,http://localhost:3001/character/343,53,0,0
1746380300518,58,DELETE character,200,OK,thread_100_1_1 1-43,text,true,,293,183,92,92,http://localhost:3001/character/320,58,0,0
1746380300520,56,DELETE character,200,OK,thread_100_1_1 1-57,text,true,,293,183,92,92,http://localhost:3001/character/301,56,0,0
1746380300517,59,DELETE character,200,OK,thread_100_1_1 1-16,text,true,,293,183,92,92,http://localhost:3001/character/305,58,0,0
1746380300517,59,DELETE character,200,OK,thread_100_1_1 1-90,text,true,,293,183,92,92,http://localhost:3001/character/309,58,0,0
1746380300524,53,DELETE character,200,OK,thread_100_1_1 1-94,text,true,,293,183,90,90,http://localhost:3001/character/358,52,0,0
1746380300526,52,DELETE character,200,OK,thread_100_1_1 1-11,text,true,,293,183,88,88,http://localhost:3001/character/326,52,0,0
1746380300528,52,DELETE character,200,OK,thread_100_1_1 1-47,text,true,,293,183,84,84,http://localhost:3001/character/335,52,0,0
1746380300529,52,GET character id,200,OK,thread_100_1_1 1-23,text,true,,273,159,84,84,http://localhost:3001/character/2,51,0,0
1746380300528,53,DELETE character,200,OK,thread_100_1_1 1-27,text,true,,293,183,84,84,http://localhost:3001/character/351,52,0,0
1746380300528,54,POST character ,201,Created,thread_100_1_1 1-82,text,true,,274,217,82,82,http://localhost:3001/character,54,0,0
1746380299821,766,GET characters,200,OK,thread_100_1_1 1-46,text,true,,12252,158,82,82,http://localhost:3001/characters,766,0,323
1746380300554,34,POST character ,201,Created,thread_100_1_1 1-89,text,true,,274,217,82,82,http://localhost:3001/character,34,0,0
1746380300528,63,DELETE character,200,OK,thread_100_1_1 1-72,text,true,,293,183,82,82,http://localhost:3001/character/348,63,0,0
1746380300528,66,DELETE character,200,OK,thread_100_1_1 1-35,text,true,,293,183,81,81,http://localhost:3001/character/361,66,0,0
1746380300530,65,DELETE character,200,OK,thread_100_1_1 1-13,text,true,,293,183,81,81,http://localhost:3001/character/332,65,0,0
1746380300530,68,DELETE character,200,OK,thread_100_1_1 1-24,text,true,,293,183,79,79,http://localhost:3001/character/346,68,0,0
1746380300533,67,DELETE character,200,OK,thread_100_1_1 1-81,text,true,,293,183,79,79,http://localhost:3001/character/316,67,0,0
1746380300533,68,DELETE character,200,OK,thread_100_1_1 1-61,text,true,,293,183,78,78,http://localhost:3001/character/319,68,0,0
1746380300548,54,DELETE character,200,OK,thread_100_1_1 1-1,text,true,,293,183,78,78,http://localhost:3001/character/350,53,0,0
1746380300533,70,DELETE character,200,OK,thread_100_1_1 1-48,text,true,,293,183,75,75,http://localhost:3001/character/349,70,0,0
1746380300532,72,DELETE character,200,OK,thread_100_1_1 1-50,text,true,,293,183,75,75,http://localhost:3001/character/352,72,0,0
1746380300532,73,DELETE character,200,OK,thread_100_1_1 1-93,text,true,,293,183,75,75,http://localhost:3001/character/345,73,0,0
1746380300535,72,DELETE character,200,OK,thread_100_1_1 1-51,text,true,,293,183,72,72,http://localhost:3001/character/307,72,0,0
1746380300535,74,DELETE character,200,OK,thread_100_1_1 1-86,text,true,,293,183,72,72,http://localhost:3001/character/354,74,0,0
1746380300516,96,DELETE character,200,OK,thread_100_1_1 1-92,text,true,,293,183,70,70,http://localhost:3001/character/310,96,0,0
1746380300540,73,DELETE character,200,OK,thread_100_1_1 1-8,text,true,,293,183,70,70,http://localhost:3001/character/324,73,0,0
1746380300540,75,DELETE character,200,OK,thread_100_1_1 1-40,text,true,,293,183,69,69,http://localhost:3001/character/322,74,0,0
1746380300516,101,DELETE character,200,OK,thread_100_1_1 1-6,text,true,,293,183,67,67,http://localhost:3001/character/304,101,0,0
1746380300537,81,DELETE character,200,OK,thread_100_1_1 1-98,text,true,,293,183,67,67,http://localhost:3001/character/311,81,0,0
1746380300537,83,DELETE character,200,OK,thread_100_1_1 1-59,text,true,,293,183,65,65,http://localhost:3001/character/353,83,0,0
1746380300537,86,DELETE character,200,OK,thread_100_1_1 1-70,text,true,,293,183,64,64,http://localhost:3001/character/357,86,0,0
1746380300537,87,DELETE character,200,OK,thread_100_1_1 1-49,text,true,,293,183,64,64,http://localhost:3001/character/355,87,0,0
1746380300545,81,DELETE character,200,OK,thread_100_1_1 1-52,text,true,,293,183,64,64,http://localhost:3001/character/314,81,0,0
1746380300544,84,DELETE character,200,OK,thread_100_1_1 1-45,text,true,,293,183,61,61,http://localhost:3001/character/331,84,0,0
1746380300535,94,DELETE character,200,OK,thread_100_1_1 1-22,text,true,,293,183,60,60,http://localhost:3001/character/308,94,0,0
1746380300545,86,DELETE character,200,OK,thread_100_1_1 1-20,text,true,,293,183,59,59,http://localhost:3001/character/334,86,0,0
1746380300548,85,DELETE character,200,OK,thread_100_1_1 1-88,text,true,,293,183,58,58,http://localhost:3001/character/330,85,0,0
1746380300548,87,DELETE character,200,OK,thread_100_1_1 1-55,text,true,,293,183,57,57,http://localhost:3001/character/318,87,0,0
1746380300547,91,DELETE character,200,OK,thread_100_1_1 1-34,text,true,,293,183,56,56,http://localhost:3001/character/337,91,0,0
1746380300547,92,DELETE character,200,OK,thread_100_1_1 1-28,text,true,,293,183,56,56,http://localhost:3001/character/327,92,0,0
1746380300546,93,DELETE character,200,OK,thread_100_1_1 1-30,text,true,,293,183,56,56,http://localhost:3001/character/313,93,0,0
1746380300545,96,DELETE character,200,OK,thread_100_1_1 1-66,text,true,,293,183,55,55,http://localhost:3001/character/306,96,0,0
1746380300545,98,DELETE character,200,OK,thread_100_1_1 1-14,text,true,,293,183,52,52,http://localhost:3001/character/338,97,0,0
1746380300548,96,DELETE character,200,OK,thread_100_1_1 1-29,text,true,,293,183,52,52,http://localhost:3001/character/329,96,0,0
1746380300548,97,DELETE character,200,OK,thread_100_1_1 1-62,text,true,,293,183,51,51,http://localhost:3001/character/356,97,0,0
1746380300548,99,DELETE character,200,OK,thread_100_1_1 1-4,text,true,,293,183,49,49,http://localhost:3001/character/312,99,0,0
1746380300516,133,DELETE character,200,OK,thread_100_1_1 1-38,text,true,,293,183,49,49,http://localhost:3001/character/341,132,0,0
1746380300516,135,DELETE character,200,OK,thread_100_1_1 1-64,text,true,,293,183,47,47,http://localhost:3001/character/315,135,0,0
1746380300543,111,DELETE character,200,OK,thread_100_1_1 1-42,text,true,,293,183,46,46,http://localhost:3001/character/328,110,0,0
1746380300555,101,DELETE character,200,OK,thread_100_1_1 1-97,text,true,,293,183,45,45,http://localhost:3001/character/363,101,0,0
1746380300550,108,DELETE character,200,OK,thread_100_1_1 1-12,text,true,,293,183,45,45,http://localhost:3001/character/359,107,0,0
1746380300553,105,DELETE character,200,OK,thread_100_1_1 1-36,text,true,,293,183,44,44,http://localhost:3001/character/362,105,0,0
1746380300544,116,DELETE character,200,OK,thread_100_1_1 1-33,text,true,,293,183,42,42,http://localhost:3001/character/317,116,0,0
1746380300560,101,DELETE character,200,OK,thread_100_1_1 1-39,text,true,,293,183,42,42,http://localhost:3001/character/340,101,0,0
1746380300560,101,DELETE character,200,OK,thread_100_1_1 1-65,text,true,,293,183,42,42,http://localhost:3001/character/302,101,0,0
1746380300540,122,DELETE character,200,OK,thread_100_1_1 1-76,text,true,,293,183,41,41,http://localhost:3001/character/303,122,0,0
1746380300566,98,GET character id,200,OK,thread_100_1_1 1-75,text,true,,273,159,39,39,http://localhost:3001/character/2,98,0,0
1746380300556,109,DELETE character,200,OK,thread_100_1_1 1-37,text,true,,293,183,38,38,http://localhost:3001/character/342,109,0,0
1746380299834,832,GET characters,200,OK,thread_100_1_1 1-15,text,true,,10712,158,38,38,http://localhost:3001/characters,832,0,310
1746380300590,82,DELETE character,200,OK,thread_100_1_1 1-89,text,true,,293,183,37,37,http://localhost:3001/character/347,81,0,0
1746380300582,93,POST character ,201,Created,thread_100_1_1 1-23,text,true,,274,217,36,36,http://localhost:3001/character,93,0,0
1746380300584,92,DELETE character,200,OK,thread_100_1_1 1-82,text,true,,293,183,36,36,http://localhost:3001/character/346,92,0,0
1746380300588,89,GET character id,200,OK,thread_100_1_1 1-46,text,true,,273,159,36,36,http://localhost:3001/character/2,88,0,0
1746380299852,826,GET characters,200,OK,thread_100_1_1 1-54,text,true,,10677,158,35,35,http://localhost:3001/characters,826,0,293
1746380300676,8,DELETE character,200,OK,thread_100_1_1 1-23,text,true,,293,183,35,35,http://localhost:3001/character/302,8,0,0
1746380300677,7,POST character ,201,Created,thread_100_1_1 1-46,text,true,,274,217,35,35,http://localhost:3001/character,7,0,0
1746380300667,17,GET character id,200,OK,thread_100_1_1 1-15,text,true,,273,159,35,35,http://localhost:3001/character/2,17,0,0
1746380300665,21,POST character ,201,Created,thread_100_1_1 1-75,text,true,,274,217,34,34,http://localhost:3001/character,21,0,0
1746380299938,751,GET characters,200,OK,thread_100_1_1 1-80,text,true,,10712,158,34,34,http://localhost:3001/characters,751,0,207
1746380300685,7,DELETE character,200,OK,thread_100_1_1 1-46,text,true,,293,183,34,34,http://localhost:3001/character/301,7,0,0
1746380300685,8,POST character ,201,Created,thread_100_1_1 1-15,text,true,,274,217,34,34,http://localhost:3001/character,8,0,0
1746380300680,14,GET character id,200,OK,thread_100_1_1 1-54,text,true,,273,159,33,33,http://localhost:3001/character/2,13,0,0
1746380300105,590,GET characters,200,OK,thread_100_1_1 1-96,text,true,,10712,158,33,33,http://localhost:3001/characters,590,0,40
1746380300687,9,DELETE character,200,OK,thread_100_1_1 1-75,text,true,,293,183,33,33,http://localhost:3001/character/302,9,0,0
1746380300690,7,GET character id,200,OK,thread_100_1_1 1-80,text,true,,273,159,33,33,http://localhost:3001/character/2,7,0,0
1746380299836,862,GET characters,200,OK,thread_100_1_1 1-26,text,true,,10677,158,32,32,http://localhost:3001/characters,862,0,309
1746380300694,5,DELETE character,200,OK,thread_100_1_1 1-15,text,true,,293,183,32,32,http://localhost:3001/character/302,5,0,0
1746380300694,7,POST character ,201,Created,thread_100_1_1 1-54,text,true,,274,217,31,31,http://localhost:3001/character,7,0,0
1746380299836,866,GET characters,200,OK,thread_100_1_1 1-7,text,true,,10677,158,31,31,http://localhost:3001/characters,865,0,309
1746380300696,6,GET character id,200,OK,thread_100_1_1 1-96,text,true,,273,159,31,31,http://localhost:3001/character/2,6,0,0
1746380300698,5,POST character ,201,Created,thread_100_1_1 1-80,text,true,,274,217,31,31,http://localhost:3001/character,5,0,0
1746380299834,872,GET characters,200,OK,thread_100_1_1 1-9,text,true,,10712,158,31,31,http://localhost:3001/characters,872,0,311
1746380300703,5,POST character ,201,Created,thread_100_1_1 1-96,text,true,,274,217,31,31,http://localhost:3001/character,5,0,0
1746380300699,10,GET character id,200,OK,thread_100_1_1 1-26,text,true,,273,159,31,31,http://localhost:3001/character/2,10,0,0
1746380300702,9,DELETE character,200,OK,thread_100_1_1 1-54,text,true,,293,183,31,31,http://localhost:3001/character/301,9,0,0
1746380300702,9,GET character id,200,OK,thread_100_1_1 1-7,text,true,,273,159,31,31,http://localhost:3001/character/2,9,0,0
1746380299916,798,GET characters,200,OK,thread_100_1_1 1-78,text,true,,10712,158,30,30,http://localhost:3001/characters,798,0,229
1746380300710,6,DELETE character,200,OK,thread_100_1_1 1-96,text,true,,293,183,30,30,http://localhost:3001/character/303,5,0,0
1746380300710,6,POST character ,201,Created,thread_100_1_1 1-26,text,true,,274,217,30,30,http://localhost:3001/character,6,0,0
1746380300706,12,GET character id,200,OK,thread_100_1_1 1-9,text,true,,273,159,29,29,http://localhost:3001/character/2,12,0,0
1746380300705,13,DELETE character,200,OK,thread_100_1_1 1-80,text,true,,293,183,29,29,http://localhost:3001/character/302,13,0,0
1746380299836,883,GET characters,200,OK,thread_100_1_1 1-17,text,true,,10677,158,29,29,http://localhost:3001/characters,883,0,310
1746380300712,9,POST character ,201,Created,thread_100_1_1 1-7,text,true,,274,217,28,28,http://localhost:3001/character,9,0,0
1746380300714,8,GET character id,200,OK,thread_100_1_1 1-78,text,true,,273,159,28,28,http://localhost:3001/character/2,8,0,0
1746380299835,887,GET characters,200,OK,thread_100_1_1 1-18,text,true,,10712,158,28,28,http://localhost:3001/characters,887,0,311
1746380300718,6,DELETE character,200,OK,thread_100_1_1 1-26,text,true,,293,183,28,28,http://localhost:3001/character/302,6,0,0
1746380300719,7,POST character ,201,Created,thread_100_1_1 1-9,text,true,,274,217,27,27,http://localhost:3001/character,7,0,0
1746380299835,892,GET characters,200,OK,thread_100_1_1 1-58,text,true,,10712,158,27,27,http://localhost:3001/characters,892,0,311
1746380300721,8,GET character id,200,OK,thread_100_1_1 1-17,text,true,,273,159,27,27,http://localhost:3001/character/2,8,0,0
1746380300723,8,POST character ,201,Created,thread_100_1_1 1-78,text,true,,274,217,27,27,http://localhost:3001/character,7,0,0
1746380300722,10,DELETE character,200,OK,thread_100_1_1 1-7,text,true,,293,183,27,27,http://localhost:3001/character/302,10,0,0
1746380300723,10,GET character id,200,OK,thread_100_1_1 1-18,text,true,,273,159,27,27,http://localhost:3001/character/2,10,0,0
1746380299993,742,GET characters,200,OK,thread_100_1_1 1-85,text,true,,10712,158,26,26,http://localhost:3001/characters,742,0,153
1746380300730,6,POST character ,201,Created,thread_100_1_1 1-17,text,true,,274,217,26,26,http://localhost:3001/character,6,0,0
1746380300732,5,DELETE character,200,OK,thread_100_1_1 1-78,text,true,,293,183,26,26,http://localhost:3001/character/303,5,0,0
1746380300727,12,DELETE character,200,OK,thread_100_1_1 1-9,text,true,,293,183,25,25,http://localhost:3001/character/302,12,0,0
1746380300728,11,GET character id,200,OK,thread_100_1_1 1-58,text,true,,273,159,25,25,http://localhost:3001/character/2,11,0,0
1746380300046,695,GET characters,200,OK,thread_100_1_1 1-91,text,true,,10677,158,24,24,http://localhost:3001/characters,695,0,100
1746380300738,4,DELETE character,200,OK,thread_100_1_1 1-17,text,true,,293,183,24,24,http://localhost:3001/character/303,4,0,0
1746380300734,9,POST character ,201,Created,thread_100_1_1 1-18,text,true,,274,217,24,24,http://localhost:3001/character,9,0,0
1746380300736,8,GET character id,200,OK,thread_100_1_1 1-85,text,true,,273,159,23,23,http://localhost:3001/character/2,7,0,0
1746380299928,817,GET characters,200,OK,thread_100_1_1 1-79,text,true,,10677,158,23,23,http://localhost:3001/characters,817,0,218
1746380300740,8,POST character ,201,Created,thread_100_1_1 1-58,text,true,,274,217,23,23,http://localhost:3001/character,8,0,0
1746380300742,7,GET character id,200,OK,thread_100_1_1 1-91,text,true,,273,159,23,23,http://localhost:3001/character/2,7,0,0
1746380299828,922,GET characters,200,OK,thread_100_1_1 1-69,text,true,,10712,158,23,23,http://localhost:3001/characters,922,0,318
1746380300744,10,DELETE character,200,OK,thread_100_1_1 1-18,text,true,,293,183,23,23,http://localhost:3001/character/301,10,0,0
1746380300745,10,POST character ,201,Created,thread_100_1_1 1-85,text,true,,274,217,23,23,http://localhost:3001/character,9,0,0
1746380300746,9,GET character id,200,OK,thread_100_1_1 1-79,text,true,,273,159,22,22,http://localhost:3001/character/2,9,0,0
1746380300143,614,GET characters,200,OK,thread_100_1_1 1-99,text,true,,10712,158,22,22,http://localhost:3001/characters,614,0,3
1746380300749,9,DELETE character,200,OK,thread_100_1_1 1-58,text,true,,293,183,22,22,http://localhost:3001/character/302,8,0,0
1746380300750,9,POST character ,201,Created,thread_100_1_1 1-91,text,true,,274,217,22,22,http://localhost:3001/character,9,0,0
1746380300751,8,GET character id,200,OK,thread_100_1_1 1-69,text,true,,273,159,21,21,http://localhost:3001/character/2,8,0,0
1746380299836,925,GET characters,200,OK,thread_100_1_1 1-19,text,true,,10712,158,21,21,http://localhost:3001/characters,925,0,311
1746380300756,6,DELETE character,200,OK,thread_100_1_1 1-85,text,true,,293,183,21,21,http://localhost:3001/character/302,6,0,0
1746380300756,7,POST character ,201,Created,thread_100_1_1 1-79,text,true,,274,217,20,20,http://localhost:3001/character,7,0,0
1746380300758,6,GET character id,200,OK,thread_100_1_1 1-99,text,true,,273,159,20,20,http://localhost:3001/character/2,6,0,0
1746380299836,930,GET characters,200,OK,thread_100_1_1 1-68,text,true,,10712,158,20,20,http://localhost:3001/characters,930,0,311
1746380300760,10,POST character ,201,Created,thread_100_1_1 1-69,text,true,,274,217,20,20,http://localhost:3001/character,10,0,0
1746380300760,11,DELETE character,200,OK,thread_100_1_1 1-91,text,true,,293,183,20,20,http://localhost:3001/character/302,11,0,0
1746380300762,9,GET character id,200,OK,thread_100_1_1 1-19,text,true,,273,159,20,20,http://localhost:3001/character/2,9,0,0
1746380299835,938,GET characters,200,OK,thread_100_1_1 1-44,text,true,,10712,158,19,19,http://localhost:3001/characters,938,0,312
1746380300771,6,DELETE character,200,OK,thread_100_1_1 1-69,text,true,,293,183,19,19,http://localhost:3001/character/303,6,0,0
1746380300772,7,POST character ,201,Created,thread_100_1_1 1-19,text,true,,274,217,18,18,http://localhost:3001/character,7,0,0
1746380300764,16,DELETE character,200,OK,thread_100_1_1 1-79,text,true,,293,183,18,18,http://localhost:3001/character/302,16,0,0
1746380300764,18,POST character ,201,Created,thread_100_1_1 1-99,text,true,,274,217,18,18,http://localhost:3001/character,18,0,0
1746380300768,16,GET character id,200,OK,thread_100_1_1 1-68,text,true,,273,159,17,17,http://localhost:3001/character/2,16,0,0
1746380299835,950,GET characters,200,OK,thread_100_1_1 1-25,text,true,,10712,158,17,17,http://localhost:3001/characters,950,0,312
1746380300780,9,DELETE character,200,OK,thread_100_1_1 1-19,text,true,,293,183,17,17,http://localhost:3001/character/302,9,0,0
1746380300783,7,DELETE character,200,OK,thread_100_1_1 1-99,text,true,,293,183,17,17,http://localhost:3001/character/302,7,0,0
1746380300785,7,POST character ,201,Created,thread_100_1_1 1-68,text,true,,274,217,15,15,http://localhost:3001/character,7,0,0
1746380300774,19,GET character id,200,OK,thread_100_1_1 1-44,text,true,,273,159,15,15,http://localhost:3001/character/2,19,0,0
1746380300102,693,GET characters,200,OK,thread_100_1_1 1-95,text,true,,10677,158,15,15,http://localhost:3001/characters,693,0,45
1746380300786,10,GET character id,200,OK,thread_100_1_1 1-25,text,true,,273,159,15,15,http://localhost:3001/character/2,10,0,0
1746380299852,945,GET characters,200,OK,thread_100_1_1 1-67,text,true,,10677,158,15,15,http://localhost:3001/characters,945,0,295
1746380300794,5,DELETE character,200,OK,thread_100_1_1 1-68,text,true,,293,183,15,15,http://localhost:3001/character/301,5,0,0
1746380300794,7,POST character ,201,Created,thread_100_1_1 1-44,text,true,,274,217,15,15,http://localhost:3001/character,7,0,0
1746380299836,966,GET characters,200,OK,thread_100_1_1 1-53,text,true,,10677,158,14,14,http://localhost:3001/characters,966,0,311
1746380300795,7,GET character id,200,OK,thread_100_1_1 1-95,text,true,,273,159,14,14,http://localhost:3001/character/2,7,0,0
1746380300798,6,GET character id,200,OK,thread_100_1_1 1-67,text,true,,273,159,14,14,http://localhost:3001/character/2,6,0,0
1746380300797,7,POST character ,201,Created,thread_100_1_1 1-25,text,true,,274,217,14,14,http://localhost:3001/character,7,0,0
1746380299907,899,GET characters,200,OK,thread_100_1_1 1-77,text,true,,10712,158,14,14,http://localhost:3001/characters,899,0,243
1746380300803,4,POST character ,201,Created,thread_100_1_1 1-95,text,true,,274,217,14,14,http://localhost:3001/character,4,0,0
1746380300802,6,DELETE character,200,OK,thread_100_1_1 1-44,text,true,,293,183,14,14,http://localhost:3001/character/301,6,0,0
1746380300802,7,GET character id,200,OK,thread_100_1_1 1-53,text,true,,273,159,14,14,http://localhost:3001/character/2,7,0,0
1746380299836,975,GET characters,200,OK,thread_100_1_1 1-31,text,true,,10712,158,13,13,http://localhost:3001/characters,975,0,311
1746380300808,5,DELETE character,200,OK,thread_100_1_1 1-95,text,true,,293,183,13,13,http://localhost:3001/character/303,5,0,0
1746380300804,11,POST character ,201,Created,thread_100_1_1 1-67,text,true,,274,217,13,13,http://localhost:3001/character,10,0,0
1746380300805,11,DELETE character,200,OK,thread_100_1_1 1-25,text,true,,293,183,12,12,http://localhost:3001/character/302,11,0,0
1746380300807,9,GET character id,200,OK,thread_100_1_1 1-77,text,true,,273,159,12,12,http://localhost:3001/character/2,9,0,0
1746380299835,984,GET characters,200,OK,thread_100_1_1 1-41,text,true,,10677,158,11,11,http://localhost:3001/characters,984,0,313
1746380300810,9,POST character ,201,Created,thread_100_1_1 1-53,text,true,,274,217,11,11,http://localhost:3001/character,9,0,0
1746380300811,9,GET character id,200,OK,thread_100_1_1 1-31,text,true,,273,159,11,11,http://localhost:3001/character/2,9,0,0
1746380300010,811,GET characters,200,OK,thread_100_1_1 1-87,text,true,,10712,158,11,11,http://localhost:3001/characters,811,0,138
1746380300816,7,DELETE character,200,OK,thread_100_1_1 1-67,text,true,,293,183,11,11,http://localhost:3001/character/302,7,0,0
1746380300817,7,POST character ,201,Created,thread_100_1_1 1-77,text,true,,274,217,11,11,http://localhost:3001/character,7,0,0
1746380299835,991,GET characters,200,OK,thread_100_1_1 1-56,text,true,,10712,158,10,10,http://localhost:3001/characters,991,0,313
1746380300819,9,GET character id,200,OK,thread_100_1_1 1-41,text,true,,273,159,10,10,http://localhost:3001/character/2,9,0,0
1746380300821,8,DELETE character,200,OK,thread_100_1_1 1-53,text,true,,293,183,10,10,http://localhost:3001/character/302,8,0,0
1746380300821,9,POST character ,201,Created,thread_100_1_1 1-31,text,true,,274,217,9,9,http://localhost:3001/character,9,0,0
1746380300822,10,GET character id,200,OK,thread_100_1_1 1-87,text,true,,273,159,9,9,http://localhost:3001/character/2,10,0,0
1746380299868,966,GET characters,200,OK,thread_100_1_1 1-73,text,true,,10712,158,9,9,http://localhost:3001/characters,966,0,280
1746380300829,7,POST character ,201,Created,thread_100_1_1 1-41,text,true,,274,217,9,9,http://localhost:3001/character,7,0,0
1746380300831,6,DELETE character,200,OK,thread_100_1_1 1-31,text,true,,293,183,9,9,http://localhost:3001/character/302,6,0,0
1746380300825,13,DELETE character,200,OK,thread_100_1_1 1-77,text,true,,293,183,9,9,http://localhost:3001/character/302,13,0,0
1746380300827,11,GET character id,200,OK,thread_100_1_1 1-56,text,true,,273,159,8,8,http://localhost:3001/character/2,11,0,0
1746380299837,1004,GET characters,200,OK,thread_100_1_1 1-10,text,true,,10677,158,7,7,http://localhost:3001/characters,1004,0,312
1746380300837,5,DELETE character,200,OK,thread_100_1_1 1-41,text,true,,293,183,7,7,http://localhost:3001/character/303,5,0,0
1746380300833,10,POST character ,201,Created,thread_100_1_1 1-87,text,true,,274,217,7,7,http://localhost:3001/character,10,0,0
1746380300835,9,GET character id,200,OK,thread_100_1_1 1-73,text,true,,273,159,6,6,http://localhost:3001/character/2,9,0,0
1746380299837,1009,GET characters,200,OK,thread_100_1_1 1-21,text,true,,10677,158,6,6,http://localhost:3001/characters,1009,0,313
1746380300839,9,POST character ,201,Created,thread_100_1_1 1-56,text,true,,274,217,6,6,http://localhost:3001/character,9,0,0
1746380300842,7,GET character id,200,OK,thread_100_1_1 1-10,text,true,,273,159,6,6,http://localhost:3001/character/2,7,0,0
1746380300147,705,GET characters,200,OK,thread_100_1_1 1-100,text,true,,10712,158,6,6,http://localhost:3001/characters,705,0,5
1746380300849,5,DELETE character,200,OK,thread_100_1_1 1-56,text,true,,293,183,6,6,http://localhost:3001/character/302,5,0,0
1746380300844,12,POST character ,201,Created,thread_100_1_1 1-73,text,true,,274,217,5,5,http://localhost:3001/character,12,0,0
1746380300844,14,DELETE character,200,OK,thread_100_1_1 1-87,text,true,,293,183,5,5,http://localhost:3001/character/301,14,0,0
1746380300847,12,GET character id,200,OK,thread_100_1_1 1-21,text,true,,273,159,5,5,http://localhost:3001/character/2,12,0,0
1746380300850,10,POST character ,201,Created,thread_100_1_1 1-10,text,true,,274,217,4,4,http://localhost:3001/character,10,0,0
1746380300853,8,GET character id,200,OK,thread_100_1_1 1-100,text,true,,273,159,4,4,http://localhost:3001/character/2,8,0,0
1746380300858,5,DELETE character,200,OK,thread_100_1_1 1-73,text,true,,293,183,4,4,http://localhost:3001/character/302,5,0,0
1746380300860,6,POST character ,201,Created,thread_100_1_1 1-21,text,true,,274,217,3,3,http://localhost:3001/character,6,0,0
1746380300862,6,DELETE character,200,OK,thread_100_1_1 1-10,text,true,,293,183,3,3,http://localhost:3001/character/302,5,0,0
1746380300862,9,POST character ,201,Created,thread_100_1_1 1-100,text,true,,274,217,2,2,http://localhost:3001/character,9,0,0
1746380300867,9,DELETE character,200,OK,thread_100_1_1 1-21,text,true,,293,183,2,2,http://localhost:3001/character/302,9,0,0
1746380300873,5,DELETE character,200,OK,thread_100_1_1 1-100,text,true,,293,183,1,1,http://localhost:3001/character/302,5,0,0
